epoch,time,train/box_loss,train/cls_loss,train/dfl_loss,metrics/precision(B),metrics/recall(B),metrics/mAP50(B),metrics/mAP50-95(B),val/box_loss,val/cls_loss,val/dfl_loss,lr/pg0,lr/pg1,lr/pg2
1,91.2271,4.66221,7.83459,4.0078,0,0,0,0,4.70876,6.03663,4.13063,0.000408654,0.000408654,0.000408654
2,221.406,3.89733,5.47279,3.32662,0,0,0,0,3.91135,4.26275,3.40115,0.00081715,0.00081715,0.00081715
3,287.393,3.57662,4.69622,3.00052,0.00087,0.16926,0.00109,0.0002,3.36961,3.75815,2.92318,0.0012174,0.0012174,0.0012174
4,410.41,3.42488,4.33869,2.78074,0.00066,0.18853,0.00096,0.00022,3.43574,3.91455,2.80843,0.00121287,0.00121287,0.00121287
5,487.276,3.26568,4.14065,2.61571,0.00124,0.25152,0.00188,0.00047,3.30571,3.9146,2.57257,0.0012005,0.0012005,0.0012005
6,582.995,3.16846,4.02211,2.47203,0.00208,0.28258,0.00197,0.00075,3.23915,3.89042,2.47665,0.00118812,0.00118812,0.00118812
7,637.97,3.05597,3.83676,2.4329,0.77219,0.01429,0.00717,0.002,3.1125,3.8536,2.49341,0.00117575,0.00117575,0.00117575
8,702.843,3.01339,3.6887,2.27666,0.00354,0.30054,0.00572,0.00194,3.24322,3.97384,2.338,0.00116337,0.00116337,0.00116337
9,815.215,2.94386,3.57437,2.25496,0.03379,0.03095,0.00811,0.00225,3.05745,3.82904,2.50874,0.001151,0.001151,0.001151
10,890.565,2.86619,3.39129,2.20143,0.0431,0.04177,0.00889,0.00199,3.31892,4.17754,2.61027,0.00113863,0.00113863,0.00113863
11,996.865,2.87318,3.35125,2.15008,0.33866,0.02619,0.01984,0.00644,3.00164,3.79803,2.30573,0.00112625,0.00112625,0.00112625
12,1081.63,2.77028,3.21513,2.09455,0.32729,0.05714,0.04996,0.014,2.92417,3.433,2.17255,0.00111388,0.00111388,0.00111388
13,1164.44,2.70843,3.05926,2.05013,0.09357,0.08214,0.03571,0.00836,2.88502,3.45938,2.19349,0.0011015,0.0011015,0.0011015
14,1319.24,2.66975,3.00145,2.01967,0.1268,0.12213,0.04645,0.01486,2.87344,3.30102,2.1928,0.00108913,0.00108913,0.00108913
15,1452.41,2.68147,2.95932,2.00682,0.10752,0.08449,0.06869,0.01666,2.87388,3.19674,2.10974,0.00107675,0.00107675,0.00107675
16,1534.5,2.61283,2.86979,1.96824,0.43019,0.07641,0.07562,0.01989,2.83566,3.39535,2.11756,0.00106437,0.00106437,0.00106437
17,1631.65,2.55037,2.77048,1.93173,0.33336,0.03792,0.03737,0.01247,2.81407,3.84776,2.2268,0.001052,0.001052,0.001052
18,1712.03,2.51185,2.70232,1.93553,0.08645,0.09524,0.06641,0.02394,2.79928,3.26848,2.14048,0.00103962,0.00103962,0.00103962
19,1828.66,2.47051,2.53214,1.87171,0.1486,0.09118,0.05254,0.01639,2.81794,3.38654,2.25455,0.00102725,0.00102725,0.00102725
20,1919.78,2.49421,2.58286,1.88888,0.10182,0.15915,0.06107,0.01958,2.82565,3.07379,2.11028,0.00101488,0.00101488,0.00101488
21,2021.34,2.46984,2.5439,1.85935,0.10998,0.04524,0.03357,0.01181,2.86332,3.64596,2.13423,0.0010025,0.0010025,0.0010025
22,2122.93,2.37625,2.44048,1.84139,0.13488,0.11131,0.08311,0.02667,2.74615,3.16464,2.18665,0.000990125,0.000990125,0.000990125
23,2250.21,2.35792,2.37248,1.79639,0.3699,0.08571,0.06469,0.01889,2.72585,3.09332,2.13642,0.00097775,0.00097775,0.00097775
24,2346.03,2.32262,2.26897,1.78801,0.14767,0.16991,0.08365,0.02324,2.75847,2.93481,2.04812,0.000965375,0.000965375,0.000965375
25,2458.2,2.33384,2.30844,1.78613,0.14782,0.10833,0.08041,0.02275,2.7972,2.83973,2.12107,0.000953,0.000953,0.000953
26,2574.78,2.28322,2.17355,1.75893,0.41817,0.11369,0.0959,0.02551,2.75727,2.9066,2.06332,0.000940625,0.000940625,0.000940625
27,2654.27,2.25409,2.1245,1.76692,0.1261,0.13939,0.0822,0.0263,2.78074,3.06442,2.18668,0.00092825,0.00092825,0.00092825
28,2740.68,2.17749,1.98165,1.68835,0.29295,0.08072,0.0969,0.02792,2.90495,2.84966,2.21206,0.000915875,0.000915875,0.000915875
29,2874.66,2.20794,2.02986,1.71416,0.25027,0.09817,0.08925,0.0261,2.82741,3.00931,2.16035,0.0009035,0.0009035,0.0009035
30,2969.36,2.18288,1.99471,1.71079,0.15875,0.1507,0.11381,0.02873,2.81904,2.95738,2.13249,0.000891125,0.000891125,0.000891125
31,3077.31,2.17416,2.00294,1.7068,0.13522,0.1396,0.09367,0.0286,2.63231,2.87425,2.01979,0.00087875,0.00087875,0.00087875
32,3165.74,2.11614,1.94255,1.66208,0.16626,0.19091,0.13078,0.044,2.76336,2.95442,2.0605,0.000866375,0.000866375,0.000866375
33,3265.88,2.08823,1.86576,1.65597,0.18818,0.152,0.10059,0.04116,2.76118,3.07982,2.095,0.000854,0.000854,0.000854
34,3344.14,2.06411,1.84947,1.63442,0.15214,0.20698,0.1037,0.0282,2.81005,2.89471,2.1641,0.000841625,0.000841625,0.000841625
35,3453.31,2.05119,1.84589,1.65903,0.2184,0.2742,0.14291,0.04216,2.72023,2.94587,2.07709,0.00082925,0.00082925,0.00082925
36,3521.9,1.98747,1.72139,1.58121,0.10696,0.13939,0.07688,0.02307,2.73627,3.04807,2.08823,0.000816875,0.000816875,0.000816875
37,3627.85,1.95498,1.68721,1.59969,0.23602,0.22284,0.14566,0.0449,2.79552,2.87974,2.12002,0.0008045,0.0008045,0.0008045
38,3707.43,1.91397,1.60943,1.53848,0.13753,0.18009,0.11084,0.0415,2.81178,2.90364,2.13635,0.000792125,0.000792125,0.000792125
39,3800.31,1.92239,1.64612,1.54374,0.16652,0.19854,0.12446,0.04765,2.65281,2.90076,2.01688,0.00077975,0.00077975,0.00077975
40,3873.68,1.92634,1.61803,1.5706,0.22154,0.2165,0.1528,0.03994,2.82898,2.86155,2.2144,0.000767375,0.000767375,0.000767375
41,3981.66,1.90156,1.59568,1.53399,0.14476,0.22979,0.14542,0.04937,2.6291,2.87741,2.00583,0.000755,0.000755,0.000755
42,4062.48,1.88782,1.54008,1.51364,0.60243,0.13723,0.17906,0.05815,2.77808,2.84899,2.12171,0.000742625,0.000742625,0.000742625
43,4160.35,1.86118,1.50961,1.50344,0.33542,0.19659,0.163,0.05788,2.71994,2.89426,2.02485,0.00073025,0.00073025,0.00073025
44,4243.44,1.83469,1.50389,1.47719,0.12128,0.14878,0.0949,0.03069,2.75871,3.04365,2.12598,0.000717875,0.000717875,0.000717875
45,4353.69,1.78261,1.43267,1.45543,0.3595,0.19527,0.18076,0.06606,2.68374,3.00389,2.0424,0.0007055,0.0007055,0.0007055
46,4503.22,1.81398,1.46619,1.46853,0.31936,0.21174,0.21001,0.08182,2.6732,2.90461,2.0171,0.000693125,0.000693125,0.000693125
47,4692.86,1.7876,1.42364,1.47454,0.12683,0.19091,0.09254,0.03447,2.71431,2.8129,2.10263,0.00068075,0.00068075,0.00068075
48,4845.09,1.74773,1.36021,1.43829,0.18959,0.21472,0.14359,0.04547,2.62322,2.8277,2.05201,0.000668375,0.000668375,0.000668375
49,5034.61,1.74375,1.37334,1.43224,0.36731,0.12689,0.14017,0.05037,2.74639,2.973,2.16865,0.000656,0.000656,0.000656
50,5263.14,1.76944,1.37716,1.4354,0.18152,0.23842,0.13374,0.05132,2.71512,3.26172,2.12312,0.000643625,0.000643625,0.000643625
51,5507.4,1.73642,1.36072,1.43987,0.2604,0.17045,0.16543,0.05082,2.77213,2.92082,2.10592,0.00063125,0.00063125,0.00063125
52,5722.25,1.6355,1.25246,1.36946,0.09809,0.16208,0.09613,0.03083,2.8227,3.0761,2.16337,0.000618875,0.000618875,0.000618875
53,5819.45,1.66863,1.28712,1.39686,0.18726,0.20725,0.13177,0.04501,2.72198,2.90019,2.09269,0.0006065,0.0006065,0.0006065
54,5966.78,1.64117,1.27435,1.4019,0.5883,0.07987,0.08934,0.03542,2.80787,3.53681,2.12748,0.000594125,0.000594125,0.000594125
55,6118.2,1.65901,1.24718,1.353,0.2208,0.20092,0.16271,0.05558,2.7455,2.92362,2.18683,0.00058175,0.00058175,0.00058175
56,6206.14,1.64373,1.23723,1.38826,0.37416,0.16974,0.19939,0.07367,2.80298,2.83568,2.20087,0.000569375,0.000569375,0.000569375
57,6306.25,1.57669,1.14258,1.34407,0.21023,0.19358,0.13334,0.05325,2.74641,3.03912,2.1187,0.000557,0.000557,0.000557
58,6391.99,1.57416,1.18784,1.31797,0.40819,0.20092,0.2062,0.06658,2.66376,2.83932,2.1257,0.000544625,0.000544625,0.000544625
59,6504.9,1.50281,1.1455,1.30638,0.37506,0.20819,0.19305,0.07625,2.74473,2.90666,2.15932,0.00053225,0.00053225,0.00053225
60,6604.9,1.52762,1.16266,1.3234,0.47755,0.15866,0.1978,0.08981,2.7141,2.84993,2.13414,0.000519875,0.000519875,0.000519875
61,6707.96,1.56164,1.14937,1.34233,0.41109,0.18268,0.20099,0.09055,2.76607,3.00169,2.07626,0.0005075,0.0005075,0.0005075
62,6793.12,1.49693,1.10241,1.29539,0.29126,0.16342,0.14982,0.05077,2.91131,2.9882,2.274,0.000495125,0.000495125,0.000495125
63,6945.1,1.49093,1.09171,1.2866,0.3969,0.17621,0.18296,0.06256,2.77489,2.93291,2.17447,0.00048275,0.00048275,0.00048275
64,7035.42,1.49842,1.08194,1.30156,0.19333,0.23216,0.15664,0.05852,2.77751,2.99701,2.08715,0.000470375,0.000470375,0.000470375
65,7175.4,1.48511,1.09018,1.27613,0.14559,0.16261,0.12409,0.04306,2.84223,3.40182,2.20914,0.000458,0.000458,0.000458
66,7339.11,1.47919,1.07901,1.26841,0.24443,0.15111,0.13997,0.05457,2.83902,3.14739,2.1811,0.000445625,0.000445625,0.000445625
67,7442.24,1.42676,1.02864,1.28835,0.27434,0.22579,0.20842,0.08584,2.7645,3.04666,2.18892,0.00043325,0.00043325,0.00043325
68,7514.6,1.44232,1.04841,1.27457,0.36688,0.21206,0.19867,0.07168,2.76974,3.09721,2.15148,0.000420875,0.000420875,0.000420875
69,7628.3,1.44166,1.03978,1.26112,0.38603,0.15866,0.16133,0.06797,2.83114,3.0974,2.22556,0.0004085,0.0004085,0.0004085
70,7682.36,1.44325,1.03872,1.26982,0.32806,0.2293,0.20319,0.07774,2.82026,3.00941,2.14635,0.000396125,0.000396125,0.000396125
71,7724.38,1.45485,1.04583,1.25802,0.36633,0.20598,0.17942,0.07689,2.81677,2.92773,2.1538,0.00038375,0.00038375,0.00038375
72,7794.44,1.37128,0.99816,1.23621,0.25553,0.19567,0.18354,0.05893,2.7586,2.92943,2.17278,0.000371375,0.000371375,0.000371375
73,7885.88,1.36075,0.95574,1.22923,0.37866,0.22853,0.21468,0.09687,2.76619,3.138,2.13464,0.000359,0.000359,0.000359
74,7936.01,1.35163,0.96654,1.23575,0.39991,0.17186,0.2058,0.07487,2.73436,2.88682,2.18239,0.000346625,0.000346625,0.000346625
75,8051.88,1.32854,0.93183,1.22406,0.32443,0.27386,0.21098,0.0815,2.78216,2.85139,2.14553,0.00033425,0.00033425,0.00033425
76,8096.07,1.33085,0.94221,1.20505,0.40026,0.24415,0.24409,0.09792,2.73938,2.87423,2.10931,0.000321875,0.000321875,0.000321875
77,8160.03,1.31707,0.93068,1.20982,0.25792,0.251,0.17346,0.06486,2.73686,2.89621,2.15298,0.0003095,0.0003095,0.0003095
78,8246.27,1.30693,0.93222,1.20143,0.40295,0.16223,0.18895,0.06499,2.82402,3.10421,2.25111,0.000297125,0.000297125,0.000297125
79,8317.89,1.28895,0.91175,1.21165,0.33056,0.2303,0.22975,0.09355,2.73594,2.86122,2.12719,0.00028475,0.00028475,0.00028475
80,8395.37,1.31201,0.9255,1.1926,0.39924,0.18362,0.20531,0.06773,2.82417,3.07593,2.1708,0.000272375,0.000272375,0.000272375
81,8435.65,1.29972,0.90525,1.19593,0.33311,0.19994,0.18053,0.05957,2.79719,3.09021,2.2,0.00026,0.00026,0.00026
82,8471.24,1.23509,0.85916,1.1742,0.32079,0.2702,0.22579,0.08343,2.74274,3.04202,2.14367,0.000247625,0.000247625,0.000247625
83,8523.24,1.27071,0.88283,1.17613,0.30707,0.21364,0.20073,0.08255,2.82093,2.83859,2.19918,0.00023525,0.00023525,0.00023525
84,8589.72,1.24581,0.87731,1.16365,0.40344,0.23019,0.17798,0.07218,2.83394,3.14321,2.2305,0.000222875,0.000222875,0.000222875
85,8673.24,1.23406,0.87901,1.16767,0.25759,0.26542,0.18844,0.06408,2.82588,2.84206,2.24224,0.0002105,0.0002105,0.0002105
86,8736.27,1.24125,0.85322,1.16979,0.41847,0.23079,0.20164,0.08323,2.79166,3.03472,2.16999,0.000198125,0.000198125,0.000198125
87,8787.58,1.22054,0.86266,1.15433,0.29566,0.23079,0.19281,0.07264,2.84581,3.01579,2.21533,0.00018575,0.00018575,0.00018575
88,8884.61,1.18603,0.82356,1.13884,0.38401,0.26949,0.22463,0.08627,2.78566,2.93137,2.19436,0.000173375,0.000173375,0.000173375
89,8976.82,1.17601,0.8341,1.13599,0.36125,0.25639,0.22055,0.09151,2.75083,3.00001,2.14497,0.000161,0.000161,0.000161
90,9029.82,1.23726,0.86041,1.1617,0.31308,0.26656,0.22172,0.09003,2.73848,2.91605,2.17396,0.000148625,0.000148625,0.000148625
91,9075.73,1.16426,0.80611,1.17009,0.44205,0.19108,0.22155,0.08976,2.77651,2.83036,2.22213,0.00013625,0.00013625,0.00013625
92,9134.99,1.14431,0.76646,1.16446,0.26794,0.27197,0.22415,0.07646,2.8204,3.03119,2.29474,0.000123875,0.000123875,0.000123875
93,9277.68,1.08165,0.74186,1.1463,0.46539,0.20281,0.20767,0.08226,2.78794,3.07211,2.2033,0.0001115,0.0001115,0.0001115
94,9476,1.08704,0.73954,1.14442,0.45974,0.18204,0.20737,0.08809,2.78488,3.10601,2.25816,9.9125e-05,9.9125e-05,9.9125e-05
95,9571.99,1.07191,0.72058,1.11984,0.36005,0.25303,0.22756,0.09056,2.80012,3.14363,2.27336,8.675e-05,8.675e-05,8.675e-05
96,9660.21,1.06747,0.72271,1.1266,0.39651,0.20031,0.21875,0.07855,2.79378,3.04448,2.25619,7.4375e-05,7.4375e-05,7.4375e-05
97,9712.82,1.04112,0.71557,1.12139,0.48449,0.18007,0.21581,0.08508,2.80177,2.86364,2.27593,6.2e-05,6.2e-05,6.2e-05
98,9769.49,1.05756,0.70587,1.12075,0.38374,0.2184,0.21765,0.08954,2.73868,3.00141,2.21196,4.9625e-05,4.9625e-05,4.9625e-05
99,9832.82,1.03385,0.70791,1.10671,0.31831,0.23506,0.22667,0.09159,2.79983,2.92261,2.27725,3.725e-05,3.725e-05,3.725e-05
100,9923.61,1.02223,0.69844,1.09719,0.36848,0.21979,0.21657,0.08581,2.75495,2.92244,2.22448,2.4875e-05,2.4875e-05,2.4875e-05
